{
  "version": "0.3.4",
  "timestamp": "2026-04-02 11:44:53Z",
  "latency_mode": "api",
  "latency_ms": 2.113957035665711,
  "model": "wangzhang/Qwen3.5-122B-A10B-abliterated-NVFP4",
  "prefix_caching_enabled": false,
  "max_concurrency": 4,
  "benchmarks": [
    {
      "concurrency": 1,
      "context_size": 0,
      "prompt_size": 2048,
      "response_size": 32,
      "is_context_prefill_phase": false,
      "pp_throughput": {
        "mean": 1914.3222407206158,
        "std": 104.06027248653233,
        "values": [
          1768.182333248624,
          2002.3973951555452,
          1972.3869937576785
        ]
      },
      "pp_req_throughput": {
        "mean": 1914.3222407206158,
        "std": 104.06027248653233,
        "values": [
          1768.182333248624,
          2002.3973951555452,
          1972.3869937576785
        ]
      },
      "tg_throughput": {
        "mean": 17.002709613499785,
        "std": 0.008974588433706287,
        "values": [
          17.006262491287995,
          16.990381034969655,
          17.011485314241703
        ]
      },
      "tg_req_throughput": {
        "mean": 17.002709613499785,
        "std": 0.008974588433706287,
        "values": [
          17.006262491287995,
          16.990381034969655,
          17.011485314241703
        ]
      },
      "peak_throughput": {
        "mean": 18.0,
        "std": 0.0,
        "values": [
          18.0,
          18.0,
          18.0
        ]
      },
      "peak_req_throughput": {
        "mean": 18.0,
        "std": 0.0,
        "values": [
          18.0,
          18.0,
          18.0
        ]
      },
      "ttfr": {
        "mean": 984.4568106345832,
        "std": 64.44721705176146,
        "values": [
          1074.9671149533242,
          948.4795508906245,
          929.923766059801
        ]
      },
      "est_ppt": {
        "mean": 982.3428535989175,
        "std": 64.44721705176151,
        "values": [
          1072.8531579176586,
          946.3655938549588,
          927.8098090241352
        ]
      },
      "e2e_ttft": {
        "mean": 984.5375780326625,
        "std": 64.45401130570703,
        "values": [
          1075.054557994008,
          948.578906012699,
          929.9792700912803
        ]
      },
      "throughput_over_time": null,
      "requests_throughput_over_time": null
    },
    {
      "concurrency": 2,
      "context_size": 0,
      "prompt_size": 2048,
      "response_size": 32,
      "is_context_prefill_phase": false,
      "pp_throughput": {
        "mean": 2312.755713644886,
        "std": 24.862929797105526,
        "values": [
          2277.6074015102145,
          2329.496183496388,
          2331.1635559280558
        ]
      },
      "pp_req_throughput": {
        "mean": 1157.9874407666912,
        "std": 24.297378879465878,
        "values": [
          1104.969845006756,
          1175.7591563911517,
          1167.5963491562636,
          1165.2134376547556,
          1160.0708415280737,
          1174.315014863147
        ]
      },
      "tg_throughput": {
        "mean": 33.34222091394533,
        "std": 1.6954054907502414,
        "values": [
          35.739752410423606,
          32.16540305045791,
          32.12150728095447
        ]
      },
      "tg_req_throughput": {
        "mean": 16.671366974777932,
        "std": 0.8478760889898681,
        "values": [
          17.86981532444522,
          17.870935854578928,
          16.08377416568565,
          16.082195140627697,
          16.0598659409089,
          16.061615422421188
        ]
      },
      "peak_throughput": {
        "mean": 34.666666666666664,
        "std": 0.9428090415820634,
        "values": [
          36.0,
          34.0,
          34.0
        ]
      },
      "peak_req_throughput": {
        "mean": 17.333333333333332,
        "std": 0.4714045207910317,
        "values": [
          18.0,
          18.0,
          17.0,
          17.0,
          17.0,
          17.0
        ]
      },
      "ttfr": {
        "mean": 1612.4753196102877,
        "std": 29.364156930605755,
        "values": [
          1644.6927189826965,
          1644.457109970972,
          1573.7187340855598,
          1573.49988585338,
          1619.256576988846,
          1619.2268917802721
        ]
      },
      "est_ppt": {
        "mean": 1610.361362574622,
        "std": 29.364156930605755,
        "values": [
          1642.578761947031,
          1642.3431529353063,
          1571.6047770498942,
          1571.3859288177143,
          1617.1426199531804,
          1617.1129347446065
        ]
      },
      "e2e_ttft": {
        "mean": 1612.5109461524214,
        "std": 29.363975267488414,
        "values": [
          1644.7083889506757,
          1644.5204981137067,
          1573.7308461684734,
          1573.5638549085706,
          1619.299276964739,
          1619.2428118083626
        ]
      },
      "throughput_over_time": null,
      "requests_throughput_over_time": null
    },
    {
      "concurrency": 4,
      "context_size": 0,
      "prompt_size": 2048,
      "response_size": 32,
      "is_context_prefill_phase": false,
      "pp_throughput": {
        "mean": 2471.9069483461844,
        "std": 183.34717151399,
        "values": [
          2593.1135911291153,
          2609.8130480466125,
          2212.7942058628246
        ]
      },
      "pp_req_throughput": {
        "mean": 633.0824809994546,
        "std": 51.84355169494422,
        "values": [
          671.4403615152121,
          612.0222464970055,
          642.18191404095,
          669.9430037840098,
          672.8285810960261,
          643.674059777155,
          650.7651567932306,
          644.7308514185194,
          563.7898638883952,
          722.8262773779404,
          568.0501353999148,
          534.7373204050962
        ]
      },
      "tg_throughput": {
        "mean": 55.16667068739307,
        "std": 9.352136330159476,
        "values": [
          64.06554594688377,
          59.1907916515238,
          42.243674463771626
        ]
      },
      "tg_req_throughput": {
        "mean": 14.805353386186335,
        "std": 1.3490898089900785,
        "values": [
          16.018874499992222,
          16.021916966167716,
          16.01872896548736,
          16.021297833576067,
          14.797911633278567,
          14.800094079627211,
          14.798949612542154,
          14.79911687307935,
          14.513944769278057,
          10.845267293343676,
          14.51484613379778,
          14.513291974065861
        ]
      },
      "peak_throughput": {
        "mean": 65.33333333333333,
        "std": 1.8856180831641267,
        "values": [
          68.0,
          64.0,
          64.0
        ]
      },
      "peak_req_throughput": {
        "mean": 16.333333333333332,
        "std": 0.4714045207910317,
        "values": [
          17.0,
          17.0,
          17.0,
          17.0,
          16.0,
          16.0,
          16.0,
          16.0,
          16.0,
          16.0,
          16.0,
          16.0
        ]
      },
      "ttfr": {
        "mean": 2915.8541215195633,
        "std": 239.94095057100944,
        "values": [
          2834.8301728256047,
          2835.344301071018,
          2834.6446780487895,
          2835.1907848846167,
          2809.664131142199,
          2809.43541508168,
          2809.5783409662545,
          2809.4869810156524,
          3302.9891930054873,
          2503.406531177461,
          3302.878947928548,
          3302.799981087446
        ]
      },
      "est_ppt": {
        "mean": 2913.7401644838974,
        "std": 239.94095057100944,