{
  "version": "0.3.4",
  "timestamp": "2026-04-02 11:09:06Z",
  "latency_mode": "api",
  "latency_ms": 1.692118588835001,
  "model": "wangzhang/Qwen3.5-122B-A10B-abliterated",
  "prefix_caching_enabled": false,
  "max_concurrency": 4,
  "benchmarks": [
    {
      "concurrency": 1,
      "context_size": 0,
      "prompt_size": 2048,
      "response_size": 32,
      "is_context_prefill_phase": false,
      "pp_throughput": {
        "mean": 1250.1977885909084,
        "std": 677.5527106741583,
        "values": [
          682.9477308165326,
          865.0276002560568,
          2202.618034700136
        ]
      },
      "pp_req_throughput": {
        "mean": 1250.1977885909084,
        "std": 677.5527106741583,
        "values": [
          682.9477308165326,
          865.0276002560568,
          2202.618034700136
        ]
      },
      "tg_throughput": {
        "mean": 31.520593944456476,
        "std": 0.0329854508630649,
        "values": [
          31.48782429805083,
          31.56573068340062,
          31.508226851917968
        ]
      },
      "tg_req_throughput": {
        "mean": 31.520593944456476,
        "std": 0.0329854508630649,
        "values": [
          31.48782429805083,
          31.56573068340062,
          31.508226851917968
        ]
      },
      "peak_throughput": {
        "mean": 32.54129155461627,
        "std": 0.03485367461760875,
        "values": [
          32.506443760211496,
          32.58890471100744,
          32.52852619262989
        ]
      },
      "peak_req_throughput": {
        "mean": 32.54129155461627,
        "std": 0.03485367461760875,
        "values": [
          32.506443760211496,
          32.58890471100744,
          32.52852619262989
        ]
      },
      "ttfr": {
        "mean": 1989.4741473253816,
        "std": 832.3289787986192,
        "values": [
          2821.820091921836,
          2294.1045218613,
          852.4978281930089
        ]
      },
      "est_ppt": {
        "mean": 1987.7820287365466,
        "std": 832.3289787986192,
        "values": [
          2820.127973333001,
          2292.412403272465,
          850.8057096041739
        ]
      },
      "e2e_ttft": {
        "mean": 1989.543446029226,
        "std": 832.3399110490435,
        "values": [
          2821.9090970233083,
          2294.165835948661,
          852.5554051157087
        ]
      },
      "throughput_over_time": null,
      "requests_throughput_over_time": null
    },
    {
      "concurrency": 2,
      "context_size": 0,
      "prompt_size": 2048,
      "response_size": 32,
      "is_context_prefill_phase": false,
      "pp_throughput": {
        "mean": 1750.00063687549,
        "std": 786.1957709954281,
        "values": [
          1049.731939946975,
          2848.0477473469036,
          1352.222223332591
        ]
      },
      "pp_req_throughput": {
        "mean": 1037.0938283038106,
        "std": 473.793273805478,
        "values": [
          542.5931743654597,
          507.6872874945524,
          1399.886791984891,
          1452.1202623685056,
          1654.0673464051458,
          666.2081072043085
        ]
      },
      "tg_throughput": {
        "mean": 42.40650922034824,
        "std": 14.715818491480615,
        "values": [
          49.889689794508726,
          55.48260239985116,
          21.84723546668484
        ]
      },
      "tg_req_throughput": {
        "mean": 23.607885796667293,
        "std": 5.74599822636288,
        "values": [
          24.945428296293002,
          24.945417635599085,
          27.742904998277815,
          27.74213566869466,
          11.049063605973492,
          25.222364575165727
        ]
      },
      "peak_throughput": {
        "mean": 54.0,
        "std": 2.8284271247461903,
        "values": [
          52.0,
          58.0,
          52.0
        ]
      },
      "peak_req_throughput": {
        "mean": 27.0,
        "std": 1.4142135623730951,
        "values": [
          26.0,
          26.0,
          29.0,
          29.0,
          26.0,
          26.0
        ]
      },
      "ttfr": {
        "mean": 2264.541743711258,
        "std": 1034.9415928093008,
        "values": [
          3521.8248630408198,
          3521.575408987701,
          1323.2275531627238,
          1323.2080079615116,
          1144.329994916916,
          2753.084634197876
        ]
      },
      "est_ppt": {
        "mean": 2262.849625122423,
        "std": 1034.9415928093008,
        "values": [
          3520.1327444519848,
          3519.883290398866,
          1321.5354345738888,
          1321.5158893726766,
          1142.637876328081,
          2751.392515609041
        ]
      },
      "e2e_ttft": {
        "mean": 2264.582155854441,
        "std": 1034.9407661564915,
        "values": [
          3521.8514930456877,
          3521.636934019625,
          1323.2892081141472,
          1323.2325939461589,
          1144.3722839467227,
          2753.1104220543057
        ]
      },
      "throughput_over_time": null,
      "requests_throughput_over_time": null
    },
    {
      "concurrency": 4,
      "context_size": 0,
      "prompt_size": 2048,
      "response_size": 32,
      "is_context_prefill_phase": false,
      "pp_throughput": {
        "mean": 2932.8197684440406,
        "std": 176.6302327035976,
        "values": [
          2683.270880124114,
          3067.1531304876917,
          3048.0352947203164
        ]
      },
      "pp_req_throughput": {
        "mean": 834.634188957231,
        "std": 152.44463008646875,
        "values": [
          971.6809829683698,
          670.9865002925385,
          632.7776362643176,
          682.8566847684248,
          1041.3066075589825,
          1008.0644563694285,
          700.0235006704185,
          793.4127823977354,
          997.4352366309862,
          1021.822617567631,
          758.3609761881977,
          736.8822858097425
        ]
      },
      "tg_throughput": {
        "mean": 59.7329062269377,
        "std": 1.664088839191685,
        "values": [
          57.95590236161882,
          59.28518944843314,
          61.95762687076115
        ]
      },
      "tg_req_throughput": {
        "mean": 19.060095661354364,
        "std": 3.2653039458563917,
        "values": [
          14.861672285351183,
          22.9048335176813,
          22.90710385416847,
          22.906380604067763,
          15.122103671950574,
          15.123335166670271,
          20.238463428401623,
          20.239319531521268,
          15.80575885623587,
          15.80597240983109,
          21.403494032638,
          21.402710577734915
        ]
      },
      "peak_throughput": {
        "mean": 90.66666666666667,
        "std": 6.79869268479038,
        "values": [
          100.0,
          84.0,
          88.0
        ]
      },
      "peak_req_throughput": {
        "mean": 22.666666666666668,
        "std": 1.6996731711975948,
        "values": [
          25.0,
          25.0,
          25.0,
          25.0,
          21.0,
          21.0,
          21.0,
          21.0,
          22.0,
          22.0,
          22.0,
          22.0
        ]
      },
      "ttfr": {
        "mean": 2294.3213172839023,
        "std": 371.61355692102217,
        "values": [
          2014.6984800230712,
          2800.5561779718846,
          2800.4635961260647,
          2800.2295608166605,
          1867.6170881371945,
          1867.6442292053252,
          2427.3249700199813,
          2426.659352146089,
          1855.4465600755066,
          1855.242791119963,
          2408.1978029571474,
          2407.77519880794
        ]
      },
      "est_ppt": {
        "mean": 2292.6291986950673,
        "std": 371.61355692102217,