{
  "version": "0.3.4",
  "timestamp": "2026-04-02 12:05:48Z",
  "latency_mode": "api",
  "latency_ms": 2.0208569864432016,
  "model": "Intel/Qwen3.5-122B-A10B-int4-AutoRound",
  "prefix_caching_enabled": false,
  "max_concurrency": 4,
  "benchmarks": [
    {
      "concurrency": 1,
      "context_size": 0,
      "prompt_size": 2048,
      "response_size": 32,
      "is_context_prefill_phase": false,
      "pp_throughput": {
        "mean": 1913.534905518017,
        "std": 278.4894950801674,
        "values": [
          1519.906679466955,
          2099.070142405822,
          2121.627894681275
        ]
      },
      "pp_req_throughput": {
        "mean": 1913.534905518017,
        "std": 278.4894950801674,
        "values": [
          1519.906679466955,
          2099.070142405822,
          2121.627894681275
        ]
      },
      "tg_throughput": {
        "mean": 29.66795070949676,
        "std": 0.054303403667942195,
        "values": [
          29.733127653929493,
          29.670536999691734,
          29.60018747486905
        ]
      },
      "tg_req_throughput": {
        "mean": 29.66795070949676,
        "std": 0.054303403667942195,
        "values": [
          29.733127653929493,
          29.670536999691734,
          29.60018747486905
        ]
      },
      "peak_throughput": {
        "mean": 30.0,
        "std": 0.0,
        "values": [
          30.0,
          30.0,
          30.0
        ]
      },
      "peak_req_throughput": {
        "mean": 30.0,
        "std": 0.0,
        "values": [
          30.0,
          30.0,
          30.0
        ]
      },
      "ttfr": {
        "mean": 1098.4760256639372,
        "std": 177.53152844630063,
        "values": [
          1349.4720049202442,
          978.1673699617386,
          967.7887021098286
        ]
      },
      "est_ppt": {
        "mean": 1096.455168677494,
        "std": 177.53152844630057,
        "values": [
          1347.451147933801,
          976.1465129752954,
          965.7678451233854
        ]
      },
      "e2e_ttft": {
        "mean": 1098.5403653079022,
        "std": 177.53856986365037,
        "values": [
          1349.5462730061263,
          978.2279229257256,
          967.846899991855
        ]
      },
      "throughput_over_time": null,
      "requests_throughput_over_time": null
    },
    {
      "concurrency": 2,
      "context_size": 0,
      "prompt_size": 2048,
      "response_size": 32,
      "is_context_prefill_phase": false,
      "pp_throughput": {
        "mean": 2355.933804810911,
        "std": 90.92342002541044,
        "values": [
          2227.5799597643922,
          2426.7868272440314,
          2413.4346274243103
        ]
      },
      "pp_req_throughput": {
        "mean": 1179.4466752141022,
        "std": 45.5799418824617,
        "values": [
          1115.0291673622658,
          1115.1759537102023,
          1214.9603644704016,
          1214.96144719757,
          1208.2707131648092,
          1208.2824053793634
        ]
      },
      "tg_throughput": {
        "mean": 57.58006242226412,
        "std": 1.0204439508549634,
        "values": [
          56.89382046355001,
          56.8237459246222,
          59.02262087862017
        ]
      },
      "tg_req_throughput": {
        "mean": 28.790598944208103,
        "std": 0.5100157132784993,
        "values": [
          28.447342548415588,
          28.447710267067738,
          28.412770167910956,
          28.41259848191153,
          29.508877102337916,
          29.514295097604915
        ]
      },
      "peak_throughput": {
        "mean": 59.333333333333336,
        "std": 0.9428090415820634,
        "values": [
          58.0,
          60.0,
          60.0
        ]
      },
      "peak_req_throughput": {
        "mean": 29.666666666666668,
        "std": 0.4714045207910317,
        "values": [
          29.0,
          29.0,
          30.0,
          30.0,
          30.0,
          30.0
        ]
      },
      "ttfr": {
        "mean": 1741.946518692809,
        "std": 69.09996658148637,
        "values": [
          1839.6409479901195,
          1839.399069081992,
          1688.4956259746104,
          1688.4941230528057,
          1697.8328779805452,
          1697.8164680767804
        ]
      },
      "est_ppt": {
        "mean": 1739.9256617063656,
        "std": 69.09996658148637,
        "values": [
          1837.6200910036762,
          1837.3782120955486,
          1686.4747689881672,
          1686.4732660663624,
          1695.8120209941019,
          1695.7956110903372
        ]
      },
      "e2e_ttft": {
        "mean": 1741.994559338006,
        "std": 69.0927685911025,
        "values": [
          1839.6646019537002,
          1839.4509251229465,
          1688.5738410055637,
          1688.5193190537393,
          1697.917855810374,
          1697.8408130817115
        ]
      },
      "throughput_over_time": null,
      "requests_throughput_over_time": null
    },
    {
      "concurrency": 4,
      "context_size": 0,
      "prompt_size": 2048,
      "response_size": 32,
      "is_context_prefill_phase": false,
      "pp_throughput": {
        "mean": 2413.5130760428847,
        "std": 21.8970421816796,
        "values": [
          2429.8774689784937,
          2428.098744370579,
          2382.563014779581
        ]
      },
      "pp_req_throughput": {
        "mean": 671.0665166173893,
        "std": 116.72879141733185,
        "values": [
          608.0683124021192,
          881.8391591910762,
          607.7981129699025,
          607.967417125866,
          607.4003733379946,
          880.4686242450508,
          607.4613953080902,
          607.5345547733384,
          596.0382017790675,
          856.1504335331805,
          596.036384903798,
          596.0352298391886
        ]
      },
      "tg_throughput": {
        "mean": 52.11080958624322,
        "std": 0.6172074397691685,
        "values": [
          51.346204457110744,
          52.12848661284228,
          52.85773768877663
        ]
      },
      "tg_req_throughput": {
        "mean": 20.764021895318397,
        "std": 4.327314060116509,
        "values": [
          22.671699723227157,
          13.115558666409974,
          22.67125718806094,
          22.67308986073549,
          23.261846064802942,
          13.302173245966772,
          23.26157589726314,
          23.26196498570209,
          23.817917579654363,
          13.491512273866364,
          23.819766513591514,
          23.81990074454
        ]
      },
      "peak_throughput": {
        "mean": 97.33333333333333,
        "std": 1.8856180831641267,
        "values": [
          96.0,
          96.0,
          100.0
        ]
      },
      "peak_req_throughput": {
        "mean": 24.333333333333332,
        "std": 0.4714045207910317,
        "values": [
          24.0,
          24.0,
          24.0,
          24.0,
          24.0,
          24.0,
          24.0,
          24.0,
          25.0,
          25.0,
          25.0,
          25.0
        ]
      },
      "ttfr": {
        "mean": 3134.4355510082096,
        "std": 453.96115314198255,
        "values": [
          3373.3525942079723,
          2325.573829934001,
          3373.2060519978404,
          3372.2672588191926,
          3375.4135810304433,
          2329.1906658560038,
          3375.0747099984437,
          3374.6685259975493,
          3439.719974063337,
          2395.2918520662934,
          3439.730453072116,
          3439.7371150553226
        ]
      },
      "est_ppt": {
        "mean": 3132.4146940217665,
        "std": 453.96115314198255,